num	title	topic	url	file
1	جلسه اول		https://dl.qasemian.net/upload/TS/1005.T01200101.mp3	001_سوره_یوسف_جلسه_001.mp3
2	جلسه دوم		https://dl.qasemian.net/upload/TS/1005.T01200201.mp3	002_سوره_یوسف_جلسه_002.mp3
3	جلسه سوم		https://dl.qasemian.net/upload/TS/1005.T01200301.mp3	003_سوره_یوسف_جلسه_003.mp3
4	جلسه چهارم		https://dl.qasemian.net/upload/TS/1005.T01200401.mp3	004_سوره_یوسف_جلسه_004.mp3
5	جلسه پنجم		https://dl.qasemian.net/upload/TS/1005.T01200501.mp3	005_سوره_یوسف_جلسه_005.mp3
6	جلسه ششم		https://dl.qasemian.net/upload/TS/1005.T01200601.mp3	006_سوره_یوسف_جلسه_006.mp3
7	جلسه هفتم		https://dl.qasemian.net/upload/TS/1005.T01200701.mp3	007_سوره_یوسف_جلسه_007.mp3
8	جلسه هشتم		https://dl.qasemian.net/upload/TS/1005.T01200801.mp3	008_سوره_یوسف_جلسه_008.mp3
9	جلسه نهم		https://dl.qasemian.net/upload/TS/1005.T01200901.mp3	009_سوره_یوسف_جلسه_009.mp3
10	جلسه دهم		https://dl.qasemian.net/upload/TS/1005.T01201001.mp3	010_سوره_یوسف_جلسه_010.mp3
11	جلسه یازدهم		https://dl.qasemian.net/upload/TS/1005.T01201101.mp3	011_سوره_یوسف_جلسه_011.mp3
12	جلسه دوازدهم		https://dl.qasemian.net/upload/TS/1005.T01201201.mp3	012_سوره_یوسف_جلسه_012.mp3
13	جلسه سیزدهم		https://dl.qasemian.net/upload/TS/1005.T01201301.mp3	013_سوره_یوسف_جلسه_013.mp3
14	جلسه چهاردهم		https://dl.qasemian.net/upload/TS/1005.T01201401.mp3	014_سوره_یوسف_جلسه_014.mp3
15	جلسه پانزدهم		https://dl.qasemian.net/upload/TS/1005.T01201501.mp3	015_سوره_یوسف_جلسه_015.mp3
16	جلسه شانزدهم		https://dl.qasemian.net/upload/TS/1005.T01201601.mp3	016_سوره_یوسف_جلسه_016.mp3
17	جلسه هفدهم		https://dl.qasemian.net/upload/TS/1005.T01201701.mp3	017_سوره_یوسف_جلسه_017.mp3
18	جلسه هجدهم		https://dl.qasemian.net/upload/TS/1005.T01201801.mp3	018_سوره_یوسف_جلسه_018.mp3
19	جلسه نوزدهم		https://dl.qasemian.net/upload/TS/1005.T01201901.mp3	019_سوره_یوسف_جلسه_019.mp3
20	جلسه بیستم		https://dl.qasemian.net/upload/TS/1005.T01202001.mp3	020_سوره_یوسف_جلسه_020.mp3
21	جلسه بیست و یکم		https://dl.qasemian.net/upload/TS/1005.T01202101.mp3	021_سوره_یوسف_جلسه_021.mp3
22	جلسه بیست و دوم		https://dl.qasemian.net/upload/TS/1005.T01202201.mp3	022_سوره_یوسف_جلسه_022.mp3
23	جلسه بیست و سوم		https://dl.qasemian.net/upload/TS/1005.T01202301.mp3	023_سوره_یوسف_جلسه_023.mp3
24	جلسه بیست و چهارم		https://dl.qasemian.net/upload/TS/1005.T01202401.mp3	024_سوره_یوسف_جلسه_024.mp3
25	جلسه بیست و پنجم		https://dl.qasemian.net/upload/TS/1005.T01202501.mp3	025_سوره_یوسف_جلسه_025.mp3
26	جلسه بیست و ششم		https://dl.qasemian.net/upload/TS/1005.T01202601.mp3	026_سوره_یوسف_جلسه_026.mp3
27	جلسه بیست و هفتم		https://dl.qasemian.net/upload/TS/1005.T01202701.mp3	027_سوره_یوسف_جلسه_027.mp3
28	جلسه بیست و هشتم		https://dl.qasemian.net/upload/TS/1005.T01202801.mp3	028_سوره_یوسف_جلسه_028.mp3
29	جلسه بیست و نهم		https://dl.qasemian.net/upload/TS/1005.T01202901.mp3	029_سوره_یوسف_جلسه_029.mp3
30	جلسه سی ام		https://dl.qasemian.net/upload/TS/1005.T01203001.mp3	030_سوره_یوسف_جلسه_030.mp3
31	جلسه سی و یکم		https://dl.qasemian.net/upload/TS/1005.T01203101.mp3	031_سوره_یوسف_جلسه_031.mp3
32	جلسه سی و دوم		https://dl.qasemian.net/upload/TS/1005.T01203201.mp3	032_سوره_یوسف_جلسه_032.mp3
33	جلسه سی و سوم		https://dl.qasemian.net/upload/TS/1005.T01203301.mp3	033_سوره_یوسف_جلسه_033.mp3
34	جلسه سی و چهارم		https://dl.qasemian.net/upload/TS/1005.T01203401.mp3	034_سوره_یوسف_جلسه_034.mp3
35	جلسه سی و پنجم		https://dl.qasemian.net/upload/TS/1005.T01203501.mp3	035_سوره_یوسف_جلسه_035.mp3
36	جلسه سی و ششم		https://dl.qasemian.net/upload/TS/1005.T01203601.mp3	036_سوره_یوسف_جلسه_036.mp3
37	جلسه سی و هفتم		https://dl.qasemian.net/upload/TS/1005.T01203701.mp3	037_سوره_یوسف_جلسه_037.mp3
38	جلسه سی و هشتم		https://dl.qasemian.net/upload/TS/1005.T01203801.mp3	038_سوره_یوسف_جلسه_038.mp3
